COD_BRANCA,DES_BRANCA
1,ALLERGOLOGIA
2,DAY HOSPITAL (MULTISPECIALISTICO)
3,ANATOMIA E ISTOLOGIA PATOLOGICA
4,WEEK SURGERY
5,ANGIOLOGIA
6,CARDIOCHIRURGIA INFANTILE
7,CARDIOCHIRURGIA
8,CARDIOLOGIA
9,CHIRURGIA GENERALE
10,CHIRURGIA MAXILLO FACCIALE
11,CHIRURGIA PEDIATRICA
12,CHIRURGIA PLASTICA
13,CHIRURGIA TORACICA
14,CHIRURGIA VASCOLARE
15,MEDICINA SPORTIVA
17,DIABETOLOGIA
18,EMATOLOGIA
19,"MALATTIE ENDOCRINE, DEL RICAMBIO E DELLA NUTRIZIONE"
20,IMMUNOLOGIA
21,GERIATRIA
22,RESIDUALE MANICOMIALE
24,MALATTIE INFETTIVE E TROPICALI
25,MEDICINA DEL LAVORO
26,MEDICINA GENERALE
27,MEDICINA LEGALE
28,UNITA' SPINALE
29,NEFROLOGIA
30,NEUROCHIRURGIA
31,NIDO
32,NEUROLOGIA
33,NEUROPSICHIATRIA INFANTILE
34,OCULISTICA
35,ODONTOIATRIA E STOMATOLOGIA
36,ORTOPEDIA E TRAUMATOLOGIA
37,OSTETRICIA E GINECOLOGIA
38,OTORINOLARINGOIATRIA
39,PEDIATRIA
40,PSICHIATRIA
41,MEDICINA TERMALE
42,TOSSICOLOGIA
43,UROLOGIA
46,GRANDI USTIONI PEDIATRICHE
47,GRANDI USTIONATI
48,NEFROLOGIA (ABILITATO AL TRAPIANTO DI RENE)
49,TERAPIA INTENSIVA
50,UNITA' CORONARICA
51,ASTANTERIA
52,DERMATOLOGIA
54,EMODIALISI
55,FARMACOLOGIA CLINICA
56,RECUPERO E RIABILITAZIONE FUNZIONALE
57,FISIOPATOLOGIA DELLA RIPRODUZIONE UMANA
58,GASTROENTEROLOGIA
60,LUNGODEGENTI
61,MEDICINA NUCLEARE
62,NEONATOLOGIA
64,ONCOLOGIA
65,ONCOEMATOLOGIA PEDIATRICA
66,ONCOEMATOLOGIA
67,PENSIONANTI
68,PNEUMOLOGIA
69,RADIOLOGIA
70,RADIOTERAPIA
71,REUMATOLOGIA
73,TERAPIA INTENSIVA NEONATALE
74,RADIOTERAPIA ONCOLOGICA
75,NEURORIABILITAZIONE
76,NEUROCHIRURGIA PEDIATRICA
77,NEFROLOGIA PEDIATRICA
78,UROLOGIA PEDIATRICA
79,DIETETICA E NUTRIZIONE CLINICA
80,DISCIPLINA ATTIVITA SERT
81,Cure Palliative
82,ANESTESIA
85,DIABETOLOGIA-FLUSSO C
91,PSICOLOGIA
97,DETENUTI
98,"LABORATORIO ANALISI CHIMICOCLINICHE, MICROBILOGICHE,VIROLOGIA,GENETICA,IMMUNOEMATOLOGIA,SERVIZI TRASFUSIONALI"
99,99
